0,nospec_no_specifier_test,1610889387,1610730271
1,nospec_empty_string,1610889387,1610730271
2,nospec_some_escaped_chars,1610889387,1610730271
3,nospec_successive_5_5,1610889387,1610730271
4,nospec_successive_2_9,1610889387,1610730271
5,nospec_successive_8_3,1610889387,1610730271
6,pct_basic,1610889387,1610730271
7,pct_5w,1610889387,1610730271
8,pct_5wlj,1610889387,1610730271
9,pct_5wzp,1610889387,1610730271
10,pct_5wljzp,1610889387,1610730271
11,nocrash_nullspec_basic,1610889387,0
12,nocrash_nullspec_5w,1610889387,0
13,nocrash_nullspec_5wzp,1610889387,0
14,nocrash_nullspec_5wzplj,1610889387,0
15,nocrash_nullspec_5wlj,1610889387,0
16,s_basic_string_expansion,1610889387,1610730271
17,s_only_string_expansion,1610889387,1610730271
18,s_two_string_expansions,1610889387,1610730271
19,s_two_string_expansions2,1610889387,1610730271
20,s_empty_string_expansion,1610889387,1610730271
21,s_full_then_empty_string,1610889387,1610730271
22,s_empty_then_full_string,1610889387,1610730271
23,s_three_strings,1610889387,1610730271
24,s_space_padded_field_width,1610889387,1610730271
25,s_space_padded_field_width2,1610889387,1610730271
26,s_space_padded_over_field_width,1610889387,1610730271
27,s_space_padded_field_width_lj,1610889387,1610730271
28,s_space_padded_field_width2_lj,1610889387,1610730271
29,s_space_padded_over_field_width_lj,1610889387,1610730271
30,s_string_prec_notrunc,1610889387,1610730271
31,s_string_prec_trunc,1610889387,1610730271
32,s_string_prec_default,1610889387,1610730271
33,s_string_prec_zero,1610889387,1610730271
34,s_two_strings_prec_2trunc,1610889387,1610730271
35,s_two_strings_prec_1trunc_a,1610889387,1610730271
36,s_two_strings_prec_1trunc_b,1610889387,1610730271
37,s_two_strings_prec_0trunc,1610889387,1610730271
38,s_string_prec_width_notrunc,1610889387,1610730271
39,s_string_prec_width_trunc,1610889387,1610730271
40,s_string_prec_width_notrunc_lj,1610889387,1610730271
41,s_string_prec_width_trunc_lj,1610889387,1610730271
42,s_two_s_prec_width_2fit_0trunc,1610889387,1610730271
43,s_two_s_prec_width_1fit_a_0trunc,1610889387,1610730271
44,s_two_s_prec_width_1fit_b_0trunc,1610889387,1610730271
45,s_two_s_prec_width_0fit_0trunc,1610889387,1610730271
46,s_two_s_prec_width_2fit_1trunc_a,1610889387,1610730271
47,s_two_s_prec_width_1fit_a_1trunc_a,1610889387,1610730271
48,s_two_s_prec_width_1fit_b_1trunc_a,1610889387,1610730271
49,s_two_s_prec_width_0fit_1trunc_a,1610889387,1610730271
50,s_two_s_prec_width_2fit_1trunc_b,1610889387,1610730271
51,s_two_s_prec_width_1fit_a_1trunc_b,1610889387,1610730271
52,s_two_s_prec_width_1fit_b_1trunc_b,1610889387,1610730271
53,s_two_s_prec_width_0fit_1trunc_b,1610889387,1610730271
54,s_two_s_prec_width_2fit_2trunc,1610889387,1610730271
55,s_two_s_prec_width_1fit_a_2trunc,1610889387,1610730271
56,s_two_s_prec_width_1fit_b_2trunc,1610889387,1610730271
57,s_two_s_prec_width_0fit_2trunc,1610889387,1610730271
58,s_two_s_prec_width_2trunc,1610889387,1610730271
59,s_two_strings_lj_and_rj,1610889387,1610730271
60,s_two_strings_rj_and_lj,1610889387,1610730271
61,s_null_basic_string_expansion,1610889387,1610730271
62,s_null_only_string_expansion,1610889387,1610730271
63,s_null_space_padded_field_width,1610889387,1610730271
64,s_null_space_padded_over_field_width,1610889387,1610730271
65,s_null_space_padded_field_width_lj,1610889387,1610730271
66,s_null_space_padded_field_width2_lj,1610889387,1610730271
67,s_null_space_padded_over_field_width_lj,1610889387,1610730271
68,s_null_string_prec_notrunc,1610889387,1610730271
69,s_null_string_prec_trunc,1610889387,1610730271
70,s_null_string_prec_default,1610889387,1610730271
71,s_null_string_prec_zero,1610889387,1610730271
72,s_basic_s_hidden,1610889387,1610730271
73,s_width_3_s_hidden,1610889387,1610730271
74,s_width_9_s_hidden,1610889387,1610730271
75,s_prec_no_width_s_hidden,1610889387,1610730271
76,s_prec_9_no_width_s_hidden,1610889387,1610730271
77,s_prec_03_no_width_s_hidden,1610889387,1610730271
78,s_prec_09_no_width_s_hidden,1610889387,1610730271
79,s_prec_03_no_width_s_null,1610889387,1610730271
80,s_prec_09_no_width_s_null,1610889387,1610730271
81,s_prec_00_no_width_s_nullchar,1610889387,1610730271
82,s_prec_01_no_width_s_nullchar,1610889387,1610730271
83,s_prec_03_no_width_s_nullchar,1610889387,1610730271
84,s_prec_09_no_width_s_nullchar,1610889387,1610730271
85,s_prec_0_width_3_s_hidden,1610889387,1610730271
86,s_prec_0_width_10_s_hidden,1610889387,1610730271
87,s_prec_0_width_3_s_null,1610889387,1610730271
88,s_prec_0_width_10_s_null,1610889387,1610730271
89,s_prec_0_width_1_s_nullchar,1610889387,1610730271
90,s_prec_0_width_2_s_nullchar,1610889387,1610730271
91,s_prec_0_width_9_s_nullchar,1610889387,1610730271
92,s_prec_0_lj_width_3_s_hidden,1610889387,1610730271
93,s_prec_0_lj_width_8_s_hidden,1610889387,1610730271
94,s_prec_0_lj_width_3_s_null,1610889387,1610730271
95,s_prec_0_lj_width_8_s_null,1610889387,1610730271
96,s_prec_0_lj_width_1_s_nullchar,1610889387,1610730271
97,s_prec_0_lj_width_2_s_nullchar,1610889387,1610730271
98,s_prec_0_lj_width_6_s_nullchar,1610889387,1610730271
99,s_prec_1_width_3_s_hidden,1610889387,1610730271
100,s_prec_1_width_10_s_hidden,1610889387,1610730271
101,s_prec_1_width_3_s_null,1610889387,1610730271
102,s_prec_1_width_9_s_null,1610889387,1610730271
103,s_prec_1_lj_width_3_s_hidden,1610889387,1610730271
104,s_prec_1_lj_width_10_s_hidden,1610889387,1610730271
105,s_prec_1_lj_width_3_s_null,1610889387,1610730271
106,s_prec_1_lj_width_9_s_null,1610889387,1610730271
107,s_prec_1_lj_width_3_s_nullchar,1610889387,1610730271
108,s_prec_1_lj_width_6_s_nullchar,1610889387,1610730271
109,s_prec_perfect_width_3_s_hidden,1610889387,1610730271
110,s_prec_perfect_width_20_s_hidden,1610889387,1610730271
111,s_prec_perfect_width_3_s_null,1610889387,1610730271
112,s_prec_perfect_width_20_s_null,1610889387,1610730271
113,s_prec_perfect_width_3_s_nullchar,1610889387,1610730271
114,s_prec_perfect_width_6_s_nullchar,1610889387,1610730271
115,s_prec_perfect_lj_width_3_s_hidden,1610889387,1610730271
116,s_prec_perfect_lj_width_20_s_hidden,1610889387,1610730271
117,s_prec_8_lj_width_3_s_hidden,1610889387,1610730271
118,s_prec_8_lj_width_10_s_hidden,1610889387,1610730271
119,s_prec_8_lj_width_3_s_null,1610889387,1610730271
120,s_prec_8_lj_width_10_s_null,1610889387,1610730271
121,s_prec_00_lj_s_hidden_trunc,1610889387,1610730271
122,s_prec_09_lj_s_hidden_notrunc,1610889387,1610730271
123,s_undefbehav_0_2zero,1610889387,1610730271
124,s_undefbehav_0_3zero,1610889387,1610730271
125,s_undefbehav_0_4zero,1610889387,1610730271
126,s_undefbehav_0_lj_2zero,1610889387,1610730271
127,s_undefbehav_0_zero_lj_zero,1610889387,1610730271
128,s_undefbehav_0_2zero_lj,1610889387,1610730271
129,s_undefbehav_0_width_3,1610889387,1610730271
130,s_undefbehav_0_width_9,1610889387,1610730271
131,s_undefbehav_lj_0_width_3,1610889387,1610730271
132,s_undefbehav_lj_0_width_9,1610889387,1610730271
133,i_basic_i_pos,1610889387,1610730271
134,i_basic_i_neg,1610889387,1610730271
135,i_basic_i_zero,1610889387,1610730271
136,i_basic_i_onlypos,1610889387,1610730271
137,i_basic_i_onlyneg,1610889387,1610730271
138,i_basic_i_onlyzero,1610889387,1610730271
139,d_basic_pos,1610889387,1610730271
140,d_basic_neg,1610889387,1610730271
141,d_basic_zero,1610889387,1610730271
142,i_intmax,1610889387,1610730271
143,i_intmin,1610889387,1610730271
144,i_width_pos_fits,1610889387,1610730271
145,i_width_neg_fits,1610889387,1610730271
146,i_width_zero_fits,1610889387,1610730271
147,i_width_pos_exactfit,1610889387,1610730271
148,i_width_neg_exactfit,1610889387,1610730271
149,i_width_pos_nofit,1610889387,1610730271
150,i_width_neg_nofit,1610889387,1610730271
151,i_width_pos_fits_lj,1610889387,1610730271
152,i_width_neg_fits_lj,1610889387,1610730271
153,i_width_zero_fits_lj,1610889387,1610730271
154,i_width_pos_exactfit_lj,1610889387,1610730271
155,i_width_neg_exactfit_lj,1610889387,1610730271
156,i_width_pos_nofit_lj,1610889387,1610730271
157,i_width_neg_nofit_lj,1610889387,1610730271
158,i_prec_fits_pos,1610889387,1610730271
159,i_prec_fits_neg,1610889387,1610730271
160,i_prec_fits_zero,1610889387,1610730271
161,i_prec_exactfit_pos,1610889387,1610730271
162,i_prec_exactfit_neg,1610889387,1610730271
163,i_prec_nofit_pos,1610889387,1610730271
164,i_prec_nofit_neg,1610889387,1610730271
165,i_zp_pos_fits,1610889387,1610730271
166,i_zp_neg_fits,1610889387,1610730271
167,i_zp_zero_fits,1610889387,1610730271
168,i_zp_pos_exactfit,1610889387,1610730271
169,i_zp_neg_exactfit,1610889387,1610730271
170,i_zp_neg_minus1fit,1610889387,1610730271
171,i_prec_width_fit_fit_pos,1610889387,1610730271
172,i_prec_width_fit_fit_neg,1610889387,1610730271
173,i_prec_width_fit_fit_zero,1610889387,1610730271
174,i_prec_width_nofit_fit_pos,1610889387,1610730271
175,i_prec_width_nofit_fit_neg,1610889387,1610730271
176,i_prec_width_fit_nofit_pos,1610889387,1610730271
177,i_prec_width_fit_nofit_neg,1610889387,1610730271
178,i_prec_width_nofit_nofit_pos,1610889387,1610730271
179,i_prec_width_nofit_nofit_neg,1610889387,1610730271
180,i_prec_width_fit_fit_pos_lj,1610889387,1610730271
181,i_prec_width_fit_fit_neg_lj,1610889387,1610730271
182,i_prec_width_fit_fit_zero_lj,1610889387,1610730271
183,i_prec_width_nofit_fit_pos_lj,1610889387,1610730271
184,i_prec_width_nofit_fit_neg_lj,1610889387,1610730271
185,i_prec_width_fit_nofit_pos_lj,1610889387,1610730271
186,i_prec_width_fit_nofit_neg_lj,1610889387,1610730271
187,i_prec_width_nofit_nofit_pos_lj,1610889387,1610730271
188,i_prec_width_nofit_nofit_neg_lj,1610889387,1610730271
189,i_prec_width_ff_pos_zp,1610889387,1610730271
190,i_prec_width_ff_neg_zp,1610889387,1610730271
191,i_prec_width_ff_zero_zp,1610889387,1610730271
192,i_prec_width_nf_pos_zp,1610889387,1610730271
193,i_prec_width_nf_neg_zp,1610889387,1610730271
194,i_prec_width_fn_pos_zp,1610889387,1610730271
195,i_prec_width_fn_neg_zp,1610889387,1610730271
196,i_prec_width_nn_pos_zp,1610889387,1610730271
197,i_prec_width_nn_neg_zp,1610889387,1610730271
198,i_prec_width_ff_pos_lj_zp_ignoreflag,1610889387,1610730271
199,i_prec_width_ff_neg_ljzp_ignoreflag,1610889387,1610730271
200,i_prec_width_ff_zero_ljzp_ignoreflag,1610889387,1610730271
201,i_prec_width_nf_pos_ljzp_ignoreflag,1610889387,1610730271
202,i_prec_width_nf_neg_ljzp_ignoreflag,1610889387,1610730271
203,i_prec_width_fn_pos_ljzp_ignoreflag,1610889387,1610730271
204,i_prec_width_fn_neg_ljzp_ignoreflag,1610889387,1610730271
205,i_prec_width_nn_pos_ljzp_ignoreflag,1610889387,1610730271
206,i_prec_width_nn_neg_ljzp_ignoreflag,1610889387,1610730271
207,i_size_follows_i_i,1610889387,1610730271
208,i_prec0val0_basic,1610889387,1610730271
209,i_prec0val0_implicit,1610889387,1610730271
210,i_prec0val0_w,1610889387,1610730271
211,i_prec0val0_w_impl,1610889387,1610730271
212,i_prec0val0_wlj,1610889387,1610730271
213,i_prec0val0_wlj_impl,1610889387,1610730271
214,d_basic_i_pos,1610889387,1610730271
215,d_basic_i_neg,1610889387,1610730271
216,d_basic_i_zero,1610889387,1610730271
217,d_basic_i_onlypos,1610889387,1610730271
218,d_basic_i_onlyneg,1610889387,1610730271
219,d_basic_i_onlyzero,1610889387,1610730271
220,d_intmax,1610889387,1610730271
221,d_intmin,1610889387,1610730271
222,d_width_pos_fits,1610889387,1610730271
223,d_width_neg_fits,1610889387,1610730271
224,d_width_zero_fits,1610889387,1610730271
225,d_width_pos_exactfit,1610889387,1610730271
226,d_width_neg_exactfit,1610889387,1610730271
227,d_width_pos_nofit,1610889387,1610730271
228,d_width_neg_nofit,1610889387,1610730271
229,d_width_pos_fits_lj,1610889387,1610730271
230,d_width_neg_fits_lj,1610889387,1610730271
231,d_width_zero_fits_lj,1610889387,1610730271
232,d_width_pos_exactfit_lj,1610889387,1610730271
233,d_width_neg_exactfit_lj,1610889387,1610730271
234,d_width_pos_nofit_lj,1610889387,1610730271
235,d_width_neg_nofit_lj,1610889387,1610730271
236,d_prec_fits_pos,1610889387,1610730271
237,d_prec_fits_neg,1610889387,1610730271
238,d_prec_fits_zero,1610889387,1610730271
239,d_prec_exactfit_pos,1610889387,1610730271
240,d_prec_exactfit_neg,1610889387,1610730271
241,d_prec_nofit_pos,1610889387,1610730271
242,d_prec_nofit_neg,1610889387,1610730271
243,d_zp_pos_fits,1610889387,1610730271
244,d_zp_neg_fits,1610889387,1610730271
245,d_zp_zero_fits,1610889387,1610730271
246,d_zp_pos_exactfit,1610889387,1610730271
247,d_zp_neg_exactfit,1610889387,1610730271
248,d_zp_neg_minus1fit,1610889387,1610730271
249,d_prec_width_fit_fit_pos,1610889387,1610730271
250,d_prec_width_fit_fit_neg,1610889387,1610730271
251,d_prec_width_fit_fit_zero,1610889387,1610730271
252,d_prec_width_nofit_fit_pos,1610889387,1610730271
253,d_prec_width_nofit_fit_neg,1610889387,1610730271
254,d_prec_width_fit_nofit_pos,1610889387,1610730271
255,d_prec_width_fit_nofit_neg,1610889387,1610730271
256,d_prec_width_nofit_nofit_pos,1610889387,1610730271
257,d_prec_width_nofit_nofit_neg,1610889387,1610730271
258,d_prec_width_fit_fit_pos_lj,1610889387,1610730271
259,d_prec_width_fit_fit_neg_lj,1610889387,1610730271
260,d_prec_width_fit_fit_zero_lj,1610889387,1610730271
261,d_prec_width_nofit_fit_pos_lj,1610889387,1610730271
262,d_prec_width_nofit_fit_neg_lj,1610889387,1610730271
263,d_prec_width_fit_nofit_pos_lj,1610889387,1610730271
264,d_prec_width_fit_nofit_neg_lj,1610889387,1610730271
265,d_prec_width_nofit_nofit_pos_lj,1610889387,1610730271
266,d_prec_width_nofit_nofit_neg_lj,1610889387,1610730271
267,d_prec_width_ff_pos_zp,1610889387,1610730271
268,d_prec_width_ff_neg_zp,1610889387,1610730271
269,d_prec_width_ff_zero_zp,1610889387,1610730271
270,d_prec_width_nf_pos_zp,1610889387,1610730271
271,d_prec_width_nf_neg_zp,1610889387,1610730271
272,d_prec_width_fn_pos_zp,1610889387,1610730271
273,d_prec_width_fn_neg_zp,1610889387,1610730271
274,d_prec_width_nn_pos_zp,1610889387,1610730271
275,d_prec_width_nn_neg_zp,1610889387,1610730271
276,d_prec_width_ff_pos_lj_zp_ignoreflag,1610889387,1610730271
277,d_prec_width_ff_neg_ljzp_ignoreflag,1610889387,1610730271
278,d_prec_width_ff_zero_ljzp_ignoreflag,1610889387,1610730271
279,d_prec_width_nf_pos_ljzp_ignoreflag,1610889387,1610730271
280,d_prec_width_nf_neg_ljzp_ignoreflag,1610889387,1610730271
281,d_prec_width_fn_pos_ljzp_ignoreflag,1610889387,1610730271
282,d_prec_width_fn_neg_ljzp_ignoreflag,1610889387,1610730271
283,d_prec_width_nn_pos_ljzp_ignoreflag,1610889387,1610730271
284,d_prec_width_nn_neg_ljzp_ignoreflag,1610889387,1610730271
285,d_prec0val0_basic,1610889387,1610730271
286,d_prec0val0_implicit,1610889387,1610730271
287,d_prec0val0_w,1610889387,1610730271
288,d_prec0val0_w_impl,1610889387,1610730271
289,d_prec0val0_wlj,1610889387,1610730271
290,d_prec0val0_wlj_impl,1610889387,1610730271
291,u_basic_u_pos,1610889387,1610730271
292,u_basic_u_zero,1610889387,1610730271
293,u_basic_u_onlypos,1610889387,1610730271
294,u_uintmax,1610889387,1610730271
295,u_width_pos_fits,1610889387,1610730271
296,u_width_zero_fits,1610889387,1610730271
297,u_width_pos_exactfit,1610889387,1610730271
298,u_width_pos_nofit,1610889387,1610730271
299,u_width_pos_fits_lj,1610889387,1610730271
300,u_width_zero_fits_lj,1610889387,1610730271
301,u_width_pos_exactfit_lj,1610889387,1610730271
302,u_width_pos_nofit_lj,1610889387,1610730271
303,u_prec_fits_pos,1610889387,1610730271
304,u_prec_fits_zero,1610889387,1610730271
305,u_prec_exactfit_pos,1610889387,1610730271
306,u_prec_nofit_pos,1610889387,1610730271
307,u_zp_pos_fits,1610889387,1610730271
308,u_zp_zero_fits,1610889387,1610730271
309,u_zp_pos_exactfit,1610889387,1610730271
310,u_prec_width_fit_fit_pos,1610889387,1610730271
311,u_prec_width_fit_fit_zero,1610889387,1610730271
312,u_prec_width_nofit_fit_pos,1610889387,1610730271
313,u_prec_width_fit_nofit_pos,1610889387,1610730271
314,u_prec_width_nofit_nofit_pos,1610889387,1610730271
315,u_prec_width_fit_fit_pos_lj,1610889387,1610730271
316,u_prec_width_fit_fit_zero_lj,1610889387,1610730271
317,u_prec_width_nofit_fit_pos_lj,1610889387,1610730271
318,u_prec_width_fit_nofit_pos_lj,1610889387,1610730271
319,u_prec_width_nofit_nofit_pos_lj,1610889387,1610730271
320,u_prec_width_ff_pos_zp,1610889387,1610730271
321,u_prec_width_ff_zero_zp,1610889387,1610730271
322,u_prec_width_nf_pos_zp,1610889387,1610730271
323,u_prec_width_fn_pos_zp,1610889387,1610730271
324,u_prec_width_nn_pos_zp,1610889387,1610730271
325,u_prec_width_ff_pos_ljzp_ignoreflag,1610889387,1610730271
326,u_prec_width_ff_zero_ljzp_ignoreflag,1610889387,1610730271
327,u_prec_width_nf_pos_ljzp_ignoreflag,1610889387,1610730271
328,u_prec_width_fn_pos_ljzp_ignoreflag,1610889387,1610730271
329,u_prec_width_nn_pos_ljzp_ignoreflag,1610889387,1610730271
330,u_prec0val0_basic,1610889387,1610730271
331,u_prec0val0_implicit,1610889387,1610730271
332,u_prec0val0_w,1610889387,1610730271
333,u_prec0val0_w_impl,1610889387,1610730271
334,u_prec0val0_wlj,1610889387,1610730271
335,u_prec0val0_wlj_impl,1610889387,1610730271
336,x_basic_pos,1610889387,1610730271
337,x_basic_zero,1610889387,1610730271
338,x_basic_onlypos,1610889387,1610730271
339,x_hexlmax,1610889387,1610730271
340,x_width_pos_fits,1610889387,1610730271
341,x_width_zero_fits,1610889387,1610730271
342,x_width_pos_exactfit,1610889387,1610730271
343,x_width_pos_nofit,1610889387,1610730271
344,x_width_pos_fits_lj,1610889387,1610730271
345,x_width_zero_fits_lj,1610889387,1610730271
346,x_width_pos_exactfit_lj,1610889387,1610730271
347,x_width_pos_nofit_lj,1610889387,1610730271
348,x_prec_fits_pos,1610889387,1610730271
349,x_prec_fits_zero,1610889387,1610730271
350,x_prec_exactfit_pos,1610889387,1610730271
351,x_prec_nofit_pos,1610889387,1610730271
352,x_zp_pos_fits,1610889387,1610730271
353,x_zp_zero_fits,1610889387,1610730271
354,x_zp_pos_exactfit,1610889387,1610730271
355,x_prec_width_fit_fit_pos,1610889387,1610730271
356,x_prec_width_fit_fit_zero,1610889387,1610730271
357,x_prec_width_nofit_fit_pos,1610889387,1610730271
358,x_prec_width_fit_nofit_pos,1610889387,1610730271
359,x_prec_width_nofit_nofit_pos,1610889387,1610730271
360,x_prec_width_fit_fit_pos_lj,1610889387,1610730271
361,x_prec_width_fit_fit_zero_lj,1610889387,1610730271
362,x_prec_width_nofit_fit_pos_lj,1610889387,1610730271
363,x_prec_width_fit_nofit_pos_lj,1610889387,1610730271
364,x_prec_width_nofit_nofit_pos_lj,1610889387,1610730271
365,x_prec_width_ff_pos_zp,1610889387,1610730271
366,x_prec_width_ff_zero_zp,1610889387,1610730271
367,x_prec_width_nf_pos_zp,1610889387,1610730271
368,x_prec_width_fn_pos_zp,1610889387,1610730271
369,x_prec_width_nn_pos_zp,1610889387,1610730271
370,x_prec_width_ff_pos_ljzp_ignoreflag,1610889387,1610730271
371,x_prec_width_ff_zero_ljzp_ignoreflag,1610889387,1610730271
372,x_prec_width_nf_pos_ljzp_ignoreflag,1610889387,1610730271
373,x_prec_width_fn_pos_ljzp_ignoreflag,1610889387,1610730271
374,x_prec_width_nn_pos_ljzp_ignoreflag,1610889387,1610730271
375,x_prec0val0_basic,1610889387,1610730271
376,x_prec0val0_implicit,1610889387,1610730271
377,x_prec0val0_w,1610889387,1610730271
378,x_prec0val0_w_impl,1610889387,1610730271
379,x_prec0val0_wlj,1610889387,1610730271
380,x_prec0val0_wlj_impl,1610889387,1610730271
381,X_basic_hexu_pos,1610889387,1610730271
382,X_basic_hexu_zero,1610889387,1610730271
383,X_basic_hexu_onlypos,1610889387,1610730271
384,X_hexumax,1610889387,1610730271
385,X_width_pos_fits,1610889387,1610730271
386,X_width_zero_fits,1610889387,1610730271
387,X_width_pos_exactfit,1610889387,1610730271
388,X_width_pos_nofit,1610889387,1610730271
389,X_width_pos_fits_lj,1610889387,1610730271
390,X_width_zero_fits_lj,1610889387,1610730271
391,X_width_pos_exactfit_lj,1610889387,1610730271
392,X_width_pos_nofit_lj,1610889387,1610730271
393,X_prec_fits_pos,1610889387,1610730271
394,X_prec_fits_zero,1610889387,1610730271
395,X_prec_exactfit_pos,1610889387,1610730271
396,X_prec_nofit_pos,1610889387,1610730271
397,X_zp_pos_fits,1610889387,1610730271
398,X_zp_zero_fits,1610889387,1610730271
399,X_zp_pos_exactfit,1610889387,1610730271
400,X_prec_width_fit_fit_pos,1610889387,1610730271
401,X_prec_width_fit_fit_zero,1610889387,1610730271
402,X_prec_width_nofit_fit_pos,1610889387,1610730271
403,X_prec_width_fit_nofit_pos,1610889387,1610730271
404,X_prec_width_nofit_nofit_pos,1610889387,1610730271
405,X_prec_width_fit_fit_pos_lj,1610889387,1610730271
406,X_prec_width_fit_fit_zero_lj,1610889387,1610730271
407,X_prec_width_nofit_fit_pos_lj,1610889387,1610730271
408,X_prec_width_fit_nofit_pos_lj,1610889387,1610730271
409,X_prec_width_nofit_nofit_pos_lj,1610889387,1610730271
410,X_prec_width_ff_pos_zp,1610889387,1610730271
411,X_prec_width_ff_zero_zp,1610889387,1610730271
412,X_prec_width_nf_pos_zp,1610889387,1610730271
413,X_prec_width_fn_pos_zp,1610889387,1610730271
414,X_prec_width_nn_pos_zp,1610889387,1610730271
415,X_prec_width_ff_pos_ljzp_ignoreflag,1610889387,1610730271
416,X_prec_width_ff_zero_ljzp_ignoreflag,1610889387,1610730271
417,X_prec_width_nf_pos_ljzp_ignoreflag,1610889387,1610730271
418,X_prec_width_fn_pos_ljzp_ignoreflag,1610889387,1610730271
419,X_prec_width_nn_pos_ljzp_ignoreflag,1610889387,1610730271
420,X_prec0val0_basic,1610889387,1610730271
421,X_prec0val0_implicit,1610889387,1610730271
422,X_prec0val0_w,1610889387,1610730271
423,X_prec0val0_w_impl,1610889387,1610730271
424,X_prec0val0_wlj,1610889387,1610730271
425,X_prec0val0_wlj_impl,1610889387,1610730271
426,p_null,1610889387,1610730271
427,p_null_width_fit,1610889387,1610730271
428,p_null_width_nofit,1610889387,1610730271
429,p_void,1610889387,1610730271
430,p_void_width_fit,1610889387,1610730271
431,p_void_width_nofit,1610889387,1610730271
432,p_ftfc_literal_9w_prec2_undefbehav,1610889387,1610730271
433,p_ftfc_literal_2w_prec9_undefbehav,0,1610889387
434,p_ftfc_zero_prec5_undefbehav,0,1610889387
435,p_ftfc_zero_prec0_undefbehav,1610889387,1610730271
436,p_ftfc_5w_throwswarning,1610889387,1610730271
437,p_basic,1610889387,1610730271
438,p_width_fit,1610889387,1610730271
439,p_width_nofit,1610889387,1610730271
440,p_width_16,1610889387,1610730271
441,p_width_8,1610889387,1610730271
442,p_width_32,1610889387,1610730271
443,p_width_fit_lj,1610889387,1610730271
444,p_width_nofit_lj,1610889387,1610730271
445,p_width_16_lj,1610889387,1610730271
446,p_width_8_lj,1610889387,1610730271
447,p_width_32_lj,1610889387,1610730271
448,c_allprintable_combined,1610889387,1610730271
449,c_1_31_combined,1610889387,1610730271
450,c_128_255_combined,1610889387,1610730271
451,c_allprintable_width,1610889387,1610730271
452,c_1_31_width,1610889387,1610730271
453,c_128_255_width,1610889387,1610730271
454,c_allprintable_width_lj,1610889387,1610730271
455,c_1_31_width_lj,1610889387,1610730271
456,c_128_255_width_lj,1610889387,1610730271
457,c_nullterm_basic,1610889387,1610730271
458,c_nullterm_5w,1610889387,1610730271
459,c_nullterm_5wlj,1610889387,1610730271
460,mix_successive_0,1610889387,1610730271
461,mix_successive_4,1610889387,1610730271
462,mix_successive_6,1610889387,1610730271
463,mix_successive_10,1610889387,1610730271
464,mix_successive_16,1610889387,1610730271
465,mix_successive_20,1610889387,1610730271
466,mix_successive_21,1610889387,1610730271
467,mix_successive_28,1610889387,1610730271
468,mix_successive_30,1610889387,1610730271
469,mix_successive_31,1610889387,1610730271
470,mix_successive_32,1610889387,1610730271
471,mix_successive_39,1610889387,1610730271
472,mix_successive_40,1610889387,1610730271
473,mix_successive_42,1610889387,1610730271
474,mix_successive_43,1610889387,1610730271
475,mix_successive_45,1610889387,1610730271
476,mix_successive_46,1610889387,1610730271
477,mix_successive_61,1610889387,1610730271
478,mix_successive_64,1610889387,1610730271
479,nocrash_noarg_1_notmandatory,1610889387,0
480,nocrash_noarg_2_notmandatory,1610889387,0
481,nocrash_noarg_3_notmandatory,1610889387,0
482,nocrash_noarg_4_notmandatory,1610889387,0
483,nocrash_noarg_5_notmandatory,1610889387,0
484,nocrash_noarg_6_notmandatory,1610889387,0
485,nocrash_noarg_9_notmandatory,1610889387,0
486,nocrash_noarg_10_notmandatory,1610889387,0
487,nocrash_noarg_11_notmandatory,1610889387,0
488,nocrash_noarg_12_notmandatory,1610889387,0
489,nocrash_noarg_13_notmandatory,1610889387,0
490,nocrash_noarg_14_notmandatory,1610889387,0
491,nocrash_noarg_15_notmandatory,1610889387,0
492,nocrash_noarg_16_notmandatory,1610889387,1610730271
493,nocrash_noarg_17_notmandatory,1610889387,0
494,nocrash_noarg_19_notmandatory,1610889387,0
495,nocrash_noarg_20_notmandatory,1610889387,0
496,nocrash_noarg_21_notmandatory,1610889387,0
497,nocrash_noarg_22_notmandatory,1610889387,0
498,nocrash_noarg_24_notmandatory,1610889387,0
499,nocrash_noarg_25_notmandatory,1610889387,0
500,nocrash_nullarg_1,1610889387,0
501,nocrash_nullarg_2,1610889387,0
502,nocrash_nullarg_3,1610889387,0
503,nocrash_nullarg_4,1610889387,0
504,nocrash_nullarg_5,1610889387,0
505,nocrash_nullarg_6,1610889387,0
506,nocrash_nullarg_9,1610889387,0
507,nocrash_nullarg_10,1610889387,0
508,nocrash_nullarg_11,1610889387,0
509,nocrash_nullarg_12,1610889387,0
510,nocrash_nullarg_13,1610889387,0
511,nocrash_nullarg_14,1610889387,0
512,nocrash_nullarg_15,1610889387,0
513,nocrash_nullarg_16,1610889387,0
514,nocrash_nullarg_17,1610889387,0
515,nocrash_nullarg_18,1610889387,0
516,nocrash_nullarg_19,1610889387,0
517,nocrash_nullarg_20,1610889387,0
518,nocrash_nullarg_21,1610889387,0
519,nocrash_nullarg_22,1610889387,0
520,nocrash_nullarg_23,1610889387,0
521,nocrash_nullarg_24,1610889387,0
522,nocrash_nullarg_25,1610889387,0
523,nocrash_mandatory_wformat_undefbehav_01,1610889387,0
524,nocrash_mandatory_wformat_undefbehav_02,1610889387,0
525,nocrash_mandatory_wformat_undefbehav_03,1610889387,0
526,nocrash_mandatory_wformat_undefbehav_04,1610889387,0
527,nocrash_mandatory_wformat_undefbehav_05,1610889387,0
528,nocrash_mandatory_wformat_undefbehav_06,1610889387,0
529,nocrash_mandatory_wformat_undefbehav_07,1610889387,0
530,nocrash_mandatory_wformat_undefbehav_38,1610889387,0
531,nocrash_mandatory_wformat_undefbehav_39,1610889387,0
532,nocrash_mandatory_dupflag_d_spsp,1610889387,0
533,nocrash_mandatory_dupflag_d_ljljw,1610889387,0
534,nocrash_mandatory_dupflag_x_afaf,1610889387,0
535,nocrash_mandatory_c_prec_1,1610889387,0
536,nocrash_mandatory_c_prec_2,1610889387,0
537,nocrash_mandatory_c_af,1610889387,0
538,nocrash_mandatory_c_zp_1,1610889387,0
539,nocrash_mandatory_c_zp_2,1610889387,0
540,nocrash_mandatory_c_sp_1,1610889387,0
541,nocrash_mandatory_c_sp_2,1610889387,0
542,nocrash_mandatory_c_size_hh,1610889387,0
543,nocrash_mandatory_c_size_h,1610889387,0
544,nocrash_mandatory_c_size_l,1610889387,0
545,nocrash_mandatory_c_size_ll,1610889387,0
546,nocrash_mandatory_c_size_L,1610889387,0
547,nocrash_mandatory_c_lj_nowidth,1610889387,0
548,nocrash_mandatory_s_af,1610889387,0
549,nocrash_mandatory_s_zp_1,1610889387,0
550,nocrash_mandatory_s_zp_2,1610889387,0
551,nocrash_mandatory_s_sp_1,1610889387,0
552,nocrash_mandatory_s_size_hh,1610889387,0
553,nocrash_mandatory_s_size_h,1610889387,0
554,nocrash_mandatory_s_size_l,1610889387,0
555,nocrash_mandatory_s_size_ll,1610889387,0
556,nocrash_mandatory_s_size_L,1610889387,0
557,nocrash_mandatory_s_lj_nowidth,1610889387,0
558,nocrash_mandatory_p_prec_1,1610889387,0
559,nocrash_mandatory_p_prec_2,1610889387,0
560,nocrash_mandatory_p_af,1610889387,0
561,nocrash_mandatory_p_zp_1,1610889387,0
562,nocrash_mandatory_p_zp_2,1610889387,0
563,nocrash_mandatory_p_sp_1,1610889387,0
564,nocrash_mandatory_p_sp_2,1610889387,0
565,nocrash_mandatory_p_size_hh,1610889387,0
566,nocrash_mandatory_p_size_h,1610889387,0
567,nocrash_mandatory_p_size_l,1610889387,0
568,nocrash_mandatory_p_size_ll,1610889387,0
569,nocrash_mandatory_p_size_L,1610889387,0
570,nocrash_mandatory_p_lj_nowidth,1610889387,0
571,nocrash_mandatory_d_size_L,1610889387,0
572,nocrash_mandatory_d_af,1610889387,0
573,nocrash_mandatory_d_size_hhh,1610889387,0
574,nocrash_mandatory_d_size_hhhh,1610889387,0
575,nocrash_mandatory_d_size_hhl,1610889387,0
576,nocrash_mandatory_d_size_hhll,1610889387,0
577,nocrash_mandatory_d_size_llh,1610889387,0
578,nocrash_mandatory_d_size_lll,1610889387,0
579,nocrash_mandatory_i_size_L,1610889387,0
580,nocrash_mandatory_i_af,1610889387,0
581,nocrash_mandatory_i_size_hhh,1610889387,0
582,nocrash_mandatory_i_lj_nowidth,1610889387,0
583,nocrash_mandatory_o_sp,1610889387,0
584,nocrash_mandatory_o_size_L,1610889387,0
585,nocrash_mandatory_o_size_hhh,1610889387,0
586,nocrash_mandatory_o_size_hhhh,1610889387,0
587,nocrash_mandatory_o_size_hhl,1610889387,0
588,nocrash_mandatory_o_size_hhll,1610889387,0
589,nocrash_mandatory_o_size_llh,1610889387,0
590,nocrash_mandatory_o_size_lll,1610889387,0
591,nocrash_mandatory_o_lj_nowidth,1610889387,0
592,nocrash_mandatory_u_size_L,1610889387,0
593,nocrash_mandatory_u_af,1610889387,0
594,nocrash_mandatory_u_sp,1610889387,0
595,nocrash_mandatory_u_size_hhh,1610889387,0
596,nocrash_mandatory_u_size_hhhh,1610889387,0
597,nocrash_mandatory_u_size_hhl,1610889387,0
598,nocrash_mandatory_u_size_hhll,1610889387,0
599,nocrash_mandatory_u_size_llh,1610889387,0
600,nocrash_mandatory_u_size_lll,1610889387,0
601,nocrash_mandatory_u_lj_nowidth,1610889387,0
602,nocrash_mandatory_x_size_L,1610889387,0
603,nocrash_mandatory_x_sp,1610889387,0
604,nocrash_mandatory_x_size_hhh,1610889387,0
605,nocrash_mandatory_x_size_hhhh,1610889387,0
606,nocrash_mandatory_x_size_hhl,1610889387,0
607,nocrash_mandatory_x_size_hhll,1610889387,0
608,nocrash_mandatory_x_size_llh,1610889387,0
609,nocrash_mandatory_x_size_lll,1610889387,0
610,nocrash_mandatory_X_size_L,1610889387,0
611,nocrash_mandatory_X_sp,1610889387,0
612,nocrash_mandatory_X_size_hhh,1610889387,0
613,nocrash_mandatory_X_size_llh,1610889387,0
614,nocrash_mandatory_x_lj_nowidth,1610889387,0
615,nocrash_mandatory_f_size_hh,1610889387,0
616,nocrash_mandatory_f_size_h,1610889387,0
617,nocrash_mandatory_f_size_ll,1610889387,0
618,nocrash_mandatory_f_size_lll,1610889387,0
619,nocrash_mandatory_f_size_llll,1610889387,0
620,nocrash_mandatory_f_size_LL,1610889387,0
621,nocrash_mandatory_f_size_Ll,1610889387,0
622,nocrash_mandatory_f_size_lL,1610889387,0
623,nocrash_mandatory_f_lj_nowidth,1610889387,0
624,moul_s_1,1610889387,1610730271
625,moul_s_2,1610889387,1610730271
626,moul_s_3,1610889387,1610730271
627,moul_s_4,1610889387,1610730271
628,moul_s_5_this_ones_a_doozy,1610889387,1610730271
629,moul_d_1,1610889387,1610730271
630,moul_d_2,1610889387,1610730271
631,moul_d_3,1610889387,1610730271
632,moul_d_4,1610889387,1610730271
633,moul_d_5,1610889387,1610730271
634,moul_d_6,1610889387,1610730271
635,moul_d_7,1610889387,1610730271
636,moul_d_8,1610889387,1610730271
637,moul_d_9,1610889387,1610730271
638,moul_d_10,1610889387,1610730271
639,moul_d_11,1610889387,1610730271
640,moul_d_12,1610889387,1610730271
641,moul_mix_1,1610889387,1610730271
642,moul_c_1,1610889387,1610730271
643,moul_c_2,1610889387,1610730271
644,moul_c_3,1610889387,1610730271
645,moul_c_4,1610889387,1610730271
646,moul_c_5,1610889387,1610730271
647,moul_c_5b,1610889387,1610730271
648,moul_c_6,1610889387,1610730271
649,moul_c_7,1610889387,1610730271
650,moul_c_8,1610889387,1610730271
651,moul_c_9,1610889387,1610730271
652,moul_c_10,1610889387,1610730271
653,moul_c_11,1610889387,1610730271
654,moul_c_12,1610889387,1610730271
655,moul_c_13,1610889387,1610730271
656,moul_c_14,1610889387,1610730271
657,moul_c_15,1610889387,1610730271
658,moul_c_16,1610889387,1610730271
659,moul_c_17,1610889387,1610730271
660,moul_c_18,1610889387,1610730271
661,moul_c_19,1610889387,1610730271
662,moul_c_20,1610889387,1610730271
663,moul_c_21,1610889387,1610730271
664,moul_c_22,1610889387,1610730271
665,moul_c_23,1610889387,1610730271
666,moul_c_24,1610889387,1610730271
667,moul_c_25,1610889387,1610730271
668,moul_c_26,1610889387,1610730271
669,moul_c_27,1610889387,1610730271
670,moul_c_28,1610889387,1610730271
671,moul_i_1,1610889387,1610730271
672,moul_i_2,1610889387,1610730271
673,moul_i_3,1610889387,1610730271
674,moul_i_4,1610889387,1610730271
675,moul_i_5,1610889387,1610730271
676,moul_i_6,1610889387,1610730271
677,moul_i_7,1610889387,1610730271
678,moul_i_8,1610889387,1610730271
679,moul_i_9,1610889387,1610730271
680,moul_i_10,1610889387,1610730271
681,moul_i_11,1610889387,1610730271
682,moul_i_12,1610889387,1610730271
683,moul_u_1,1610889387,1610730271
684,moul_u_2,1610889387,1610730271
685,moul_u_3,1610889387,1610730271
686,moul_u_4,1610889387,1610730271
687,moul_u_5,1610889387,1610730271
688,moul_u_6,1610889387,1610730271
689,moul_u_7,1610889387,1610730271
690,moul_u_8,1610889387,1610730271
691,moul_u_9,1610889387,1610730271
692,moul_u_10,1610889387,1610730271
693,moul_u_11,1610889387,1610730271
694,moul_u_12,1610889387,1610730271
695,moul_x_1,1610889387,1610730271
696,moul_x_2,1610889387,1610730271
697,moul_x_3,1610889387,1610730271
698,moul_x_4,1610889387,1610730271
699,moul_x_5,1610889387,1610730271
700,moul_x_6,1610889387,1610730271
701,moul_x_7,1610889387,1610730271
702,moul_x_8,1610889387,1610730271
703,moul_x_9,1610889387,1610730271
704,moul_x_10,1610889387,1610730271
705,moul_x_11,1610889387,1610730271
706,moul_x_12,1610889387,1610730271
707,moul_prec_1,1610889387,1610730271
708,moul_prec_3,1610889387,1610730271
709,moul_prec_4,1610889387,1610730271
710,moul_prec_5,1610889387,1610730271
711,moul_zeropad_1,1610889387,1610730271
712,moul_zeropad_2,1610889387,1610730271
713,moul_zeropad_3,1610889387,1610730271
714,moul_zeropad_4,1610889387,1610730271
715,moul_leftjusty_1,1610889387,1610730271
716,moul_leftjusty_2,1610889387,1610730271
717,moul_leftjusty_3,1610889387,1610730271
718,moul_leftjusty_4,1610889387,1610730271
719,moul_leftjusty_5,1610889387,1610730271
720,moul_leftjusty_6,1610889387,1610730271
721,moul_leftjusty_7,1610889387,1610730271
722,moul_notmandatory_star_1,1610889387,1610730271
723,moul_notmandatory_star_3,1610889387,1610730271
724,moul_notmandatory_star_4,1610889387,1610730271
725,moul_notmandatory_star_5,1610889387,1610730271
726,new2019_star_1,1610889387,1610730271
727,new2019_star_2,1610889387,1610730271
728,new2019_star_3,1610889387,1610730271
729,new2019_star_4,1610889387,1610730271
730,new2019_star_5,1610889387,1610730271
731,new2019_star_6,1610889387,1610730271
732,new2019_star_7,1610889387,1610730271
733,new2019_star_8,1610889387,1610730271
734,new2019_star_9,1610889387,1610730271
735,new2019_star_10,1610889387,1610730271
736,new2019_negstar_1,1610889387,1610730271
737,new2019_negstar_2,1610889387,1610730271
738,new2019_negstar_3,1610889387,1610730271
739,new2019_negstar_4,1610889387,1610730271
740,new2019_negstar_5,1610889387,1610730271
741,new2019_negstar_6,1610889387,1610730271
742,new2019_negstar_7,1610889387,1610730271
743,new2019_negstar_8,1610889387,1610730271
744,new2019_negstar_9,1610889387,1610730271
